{
  "method": "timestep convergence via NVE energy-drift scaling",
  "nve_time": 20.0,
  "dts": [
    0.002,
    0.005,
    0.01,
    0.02,
    0.04,
    0.08
  ],
  "cases": {
    "crystal": {
      "Gamma": 400.0,
      "drifts": [
        7.401454275211904e-10,
        4.6151532885434215e-09,
        1.8484196145171546e-08,
        7.39442984888512e-08,
        2.957931835469664e-07,
        1.1830611446814291e-06
      ],
      "slope": 1.99995426762337,
      "drift_at_dt0.01": 1.8484196145171546e-08,
      "headroom_to_PASS_bound": 541002.6988169679
    },
    "liquid": {
      "Gamma": 2.0,
      "drifts": [
        3.031438040005312e-06,
        1.8948448217048426e-05,
        7.628456312561548e-05,
        0.00031262205620272545,
        0.000761835927529108,
        0.0335047846524107
      ],
      "slope": 2.3176987615641544,
      "drift_at_dt0.01": 7.628456312561548e-05,
      "headroom_to_PASS_bound": 131.08812045673386
    }
  }
}