{
  "method": "convergence (knee) study in frames and bins",
  "frames_list": [
    10,
    25,
    50,
    100,
    200
  ],
  "bins_list": [
    40,
    60,
    80,
    120,
    160,
    240
  ],
  "cases": {
    "crystal": {
      "Gamma": 400.0,
      "n_frames_available": 200,
      "frames_used": [
        10,
        25,
        50,
        100,
        200
      ],
      "rms_rel_diff_vs_full_average": [
        0.05535532274726695,
        0.046482477174253946,
        0.0360179678121521,
        0.021530110219962387,
        0.0
      ],
      "peak_vs_frames": [
        2.9438927717741916,
        2.9727869727521847,
        3.099731986885006,
        3.1794278772874205,
        3.223775739034381
      ],
      "peak_vs_bins": [
        2.4561631807129185,
        3.1376060377724815,
        3.223775739034381,
        3.4599654907259074,
        3.524214486818392,
        3.5890581147347014
      ]
    },
    "liquid": {
      "Gamma": 2.0,
      "n_frames_available": 200,
      "frames_used": [
        10,
        25,
        50,
        100,
        200
      ],
      "rms_rel_diff_vs_full_average": [
        0.024853461135282105,
        0.016567679142223648,
        0.009351999411623237,
        0.006264643997537164,
        0.0
      ],
      "peak_vs_frames": [
        1.0716906510280142,
        1.043589341523758,
        1.0229555616471007,
        1.0153232753496355,
        1.0099436758701263
      ],
      "peak_vs_bins": [
        1.0060954859594304,
        1.0101145871188513,
        1.0099436758701263,
        1.0213949330812253,
        1.0166725326233172,
        1.0250573053512377
      ]
    }
  },
  "ideal_gas_median_per_bin_rel_noise_vs_bins": [
    0.003802382962902974,
    0.004675532943297544,
    0.005377654232179112,
    0.006611748016374117,
    0.00762696966919082,
    0.00933200089735529
  ]
}