{
  "method": "seed-replica noise floor + Flyvbjerg-Petersen block averaging",
  "seeds": [
    1000,
    1001,
    1002,
    1003,
    1004,
    1005,
    1006,
    1007,
    1008,
    1009
  ],
  "T_mean": {
    "target": 0.0025,
    "per_seed": [
      0.0025557582370351545,
      0.0025114467253679086,
      0.002548218909392687,
      0.0025379491870362895,
      0.0025891085834643954,
      0.0025874756228467842,
      0.0025886059210969525,
      0.0025174203917301178,
      0.0025692383814652766,
      0.0025589788648808795
    ],
    "mean_of_means": 0.0025564200824316446,
    "seed_std_rel": 0.011307593542369935,
    "max_rel_dev": 0.03564343338575814,
    "tolerance_rel": 0.05,
    "tolerance_over_seed_std": 4.421807329088042,
    "block_averaging_levels": [
      [
        4999,
        2.413612112025877e-06
      ],
      [
        2499,
        3.3994669439690737e-06
      ],
      [
        1249,
        4.7807036065307885e-06
      ],
      [
        624,
        6.698482663385128e-06
      ],
      [
        312,
        9.265461858923965e-06
      ],
      [
        156,
        1.2653610716959098e-05
      ],
      [
        78,
        1.6786608889312744e-05
      ],
      [
        39,
        1.9287309324105525e-05
      ],
      [
        19,
        2.491168682440971e-05
      ],
      [
        9,
        3.1011837277282816e-05
      ],
      [
        4,
        2.9863350567599745e-05
      ]
    ],
    "block_plateau_rel_error": 0.009964674729763883,
    "instantaneous_rel_fluct_theory_1_over_sqrtN": 0.0625
  },
  "g_mean": {
    "per_seed": [
      0.9961647364665993,
      0.9957191201804576,
      0.9959472059949686,
      0.9975201535076087,
      0.9962511802059115,
      0.9968839411560587,
      0.9950915559166947,
      0.9961399314784692,
      0.9971615700490571,
      0.9965852518046303
    ],
    "mean": 0.9963464646760455,
    "seed_std": 0.000714948897995679,
    "max_abs_dev_from_1": 0.004908444083305263,
    "tolerance": 0.05,
    "tolerance_over_seed_std": 69.93506828274347
  }
}