{
  "method": "seed-replica distribution of the g(r) first-peak height (exact test.py structure protocol)",
  "case": "crystal",
  "Gamma": 400.0,
  "seeds": [
    1000,
    1001,
    1002,
    1003,
    1004,
    1005,
    1006,
    1007,
    1008,
    1009
  ],
  "n_frames_per_run": 149,
  "peaks": [
    3.201123960258545,
    3.263273990968168,
    3.267247778097939,
    3.377401157335199,
    3.2514321053214497,
    3.169731041933352,
    3.2026339993678583,
    3.285368247409696,
    3.5582084717397917,
    3.1325363943986932
  ],
  "min": 3.1325363943986932,
  "mean": 3.270895714683069,
  "max": 3.5582084717397917,
  "std": 0.12177258681841906
}