{
  "method": "seed-replica distribution of the g(r) first-peak height (exact test.py structure protocol)",
  "case": "liquid",
  "Gamma": 2.0,
  "seeds": [
    1000,
    1001,
    1002,
    1003,
    1004,
    1005,
    1006,
    1007,
    1008,
    1009
  ],
  "n_frames_per_run": 149,
  "peaks": [
    1.0106826521848171,
    1.0121712673983019,
    1.018578778379106,
    1.010502276803798,
    1.0192859358754436,
    1.018174478355213,
    1.0246267057778562,
    1.0099618417541534,
    1.014000562256588,
    1.0159073183936989
  ],
  "min": 1.0099618417541534,
  "mean": 1.0153891817178975,
  "max": 1.0246267057778562,
  "std": 0.004789907550724185
}