{
  "crystal": {
    "min": 3.1325363943986932,
    "mean": 3.270895714683069,
    "max": 3.5582084717397917,
    "std": 0.12177258681841906
  },
  "liquid": {
    "min": 1.0099618417541534,
    "mean": 1.0153891817178975,
    "max": 1.0246267057778562,
    "std": 0.004789907550724185
  },
  "gap_between_distributions": 2.107909688620837,
  "abs_threshold": 2.5,
  "margin_min_crystal_over_abs_threshold": 1.2530145577594773,
  "margin_max_liquid_under_abs_threshold": 0.40985068231114247,
  "ratio_threshold": 1.5,
  "paired_ratios": [
    3.1672889144170013,
    3.2240334181349857,
    3.2076534947028894,
    3.3422994038349554,
    3.189911673341065,
    3.113151143852891,
    3.1256593072464813,
    3.2529627472890463,
    3.509079387314387,
    3.0834863945578235
  ],
  "min_paired_ratio": 3.0834863945578235
}