{
  "method": "ensemble-invariance check: equilibrium observables vs Langevin friction",
  "friction": 1.0,
  "seeds": [
    1000,
    1001,
    1002
  ],
  "cases": {
    "crystal": {
      "Gamma": 400.0,
      "T_target": 0.0025,
      "T_means": [
        0.0024964389951477426,
        0.0025251414085600355,
        0.0025449538172513907
      ],
      "peaks": [
        3.201123960258545,
        3.263273990968168,
        3.267247778097939
      ]
    },
    "liquid": {
      "Gamma": 2.0,
      "T_target": 0.5,
      "T_means": [
        0.4981261114452221,
        0.489880170221746,
        0.49604669385207184
      ],
      "peaks": [
        1.0106826521848171,
        1.0121712673983019,
        1.018578778379106
      ]
    }
  }
}