{
  "method": "ensemble-invariance check: equilibrium observables vs Langevin friction",
  "friction": 0.5,
  "seeds": [
    1000,
    1001,
    1002
  ],
  "cases": {
    "crystal": {
      "Gamma": 400.0,
      "T_target": 0.0025,
      "T_means": [
        0.0025407845856435657,
        0.002600469407645651,
        0.002600813175111973
      ],
      "peaks": [
        3.3517304924768765,
        3.4866008276613134,
        3.38884566426894
      ]
    },
    "liquid": {
      "Gamma": 2.0,
      "T_target": 0.5,
      "T_means": [
        0.5020087635492086,
        0.4907580452692306,
        0.4914935153710605
      ],
      "peaks": [
        1.017906710456491,
        1.0091287033598118,
        1.0125927452074193
      ]
    }
  }
}