{
  "method": "ensemble-invariance check: equilibrium observables vs Langevin friction",
  "friction": 5.0,
  "seeds": [
    1000,
    1001,
    1002
  ],
  "cases": {
    "crystal": {
      "Gamma": 400.0,
      "T_target": 0.0025,
      "T_means": [
        0.002528148248526339,
        0.0025227330636144467,
        0.0025349891911336047
      ],
      "peaks": [
        2.550129786791778,
        2.461761126893306,
        2.500235752177134
      ]
    },
    "liquid": {
      "Gamma": 2.0,
      "T_target": 0.5,
      "T_means": [
        0.5008697704010293,
        0.49788678052273366,
        0.5007567957386315
      ],
      "peaks": [
        1.0104113864243403,
        1.0083323919836515,
        1.012627491980261
      ]
    }
  }
}