{
  "method": "ensemble-invariance check: equilibrium observables vs Langevin friction",
  "friction": 0.1,
  "seeds": [
    1000,
    1001,
    1002
  ],
  "cases": {
    "crystal": {
      "Gamma": 400.0,
      "T_target": 0.0025,
      "T_means": [
        0.009243709308134123,
        0.010671673223747954,
        0.010516062602935066
      ],
      "peaks": [
        3.1182307607315165,
        3.1477162612344194,
        3.1232377325150282
      ]
    },
    "liquid": {
      "Gamma": 2.0,
      "T_target": 0.5,
      "T_means": [
        0.4936270742123952,
        0.49590514576478295,
        0.516495299381079
      ],
      "peaks": [
        1.0165573138056154,
        1.0117897838338439,
        1.0096242068752608
      ]
    }
  }
}