{
  "method": "ensemble-invariance check: equilibrium observables vs Langevin friction",
  "friction": 2.0,
  "seeds": [
    1000,
    1001,
    1002
  ],
  "cases": {
    "crystal": {
      "Gamma": 400.0,
      "T_target": 0.0025,
      "T_means": [
        0.0025146273720443257,
        0.002518385216759255,
        0.0025346555128233496
      ],
      "peaks": [
        2.954908109697917,
        2.9487884775180695,
        3.0883478815156367
      ]
    },
    "liquid": {
      "Gamma": 2.0,
      "T_target": 0.5,
      "T_means": [
        0.49990218278304754,
        0.49620556830789514,
        0.5018705806234354
      ],
      "peaks": [
        1.0111180410355571,
        1.0153026116565613,
        1.0099905555708206
      ]
    }
  }
}