{
  "gammas": [
    0.1,
    0.5,
    1.0,
    2.0,
    5.0
  ],
  "cases": {
    "crystal": {
      "T_mean_over_target_by_gamma": [
        4.0575260179756185,
        1.032275622453492,
        1.0088712294612225,
        1.0090224135502572,
        1.0114494004365853
      ],
      "T_spread_by_gamma": [
        0.3133551134158928,
        0.013823485047370701,
        0.00975711437887535,
        0.0042582323530755035,
        0.002456747905405298
      ],
      "peak_by_gamma": [
        3.1297282514936544,
        3.409058994802377,
        3.2438819097748843,
        2.997348156243874,
        2.5040422219540726
      ],
      "peak_spread_by_gamma": [
        0.015777953366504935,
        0.06967019360265234,
        0.037082737643943285,
        0.0788674519314293,
        0.04430713173051275
      ],
      "max_rel_variation_of_peak_across_gamma": 0.29606557433878683
    },
    "liquid": {
      "T_mean_over_target_by_gamma": [
        1.0040183462388381,
        0.9895068827929999,
        0.9893686503460266,
        0.9986522211429186,
        0.9996755644415964
      ],
      "T_spread_by_gamma": [
        0.025193911411371957,
        0.012588090200242591,
        0.008576927883226112,
        0.005752211932301765,
        0.003381122025584941
      ],
      "peak_by_gamma": [
        1.0126571015049066,
        1.0132093863412406,
        1.0138108993207418,
        1.0121370694209797,
        1.0104570901294176
      ],
      "peak_spread_by_gamma": [
        0.003546994908910398,
        0.004421372735166984,
        0.0041956521364201116,
        0.0027988031553212865,
        0.002147914713556339
      ],
      "max_rel_variation_of_peak_across_gamma": 0.0033125536237768025
    }
  }
}